<configs>
	<append xpath="/recipes">
	
		<recipe name="resourceSteelCasing" count="5" material_based="true" craft_area="workbench" tags="perkAdvancedEngineering">
			<ingredient name="resourceForgedSteel" count="1"/>
			<effect_group>
			<passive_effect name="CraftingIngredientCount" operation="perc_add" level="0,1,2,3,4" value=".25,.25,.25,.177,.12" tags="resourceForgedSteel"/>
			</effect_group>
		</recipe>
		
		<recipe name="ammo9mmBulletBall" count="1" craft_area="workbench" tags="workbenchCrafting">
			<ingredient name="resourceBulletTip" count="1"/>
			<ingredient name="resourceGunPowder" count="1"/>
			<ingredient name="resourceSteelCasing" count="1"/>
		</recipe>

		<recipe name="ammoBundle9mmBulletBall" count="1" craft_time="240" craft_area="workbench" tags="learnable,workbenchCrafting">
			<ingredient name="resourceBulletTip" count="80"/>
			<ingredient name="resourceGunPowder" count="80"/>
			<ingredient name="resourceSteelCasing" count="80"/>
		</recipe>

		<recipe name="ammo9mmBulletHP" count="1" craft_area="workbench" tags="learnable,workbenchCrafting">
			<ingredient name="resourceBulletTip" count="2"/>
			<ingredient name="resourceGunPowder" count="1"/>
			<ingredient name="resourceSteelCasing" count="1"/>
		</recipe>

		<recipe name="ammoBundle9mmBulletHP" count="1" craft_time="360" craft_area="workbench" tags="learnable,workbenchCrafting">
			<ingredient name="resourceBulletTip" count="160"/>
			<ingredient name="resourceGunPowder" count="80"/>
			<ingredient name="resourceSteelCasing" count="80"/>
		</recipe>

		<recipe name="ammo9mmBulletAP" count="1" craft_area="workbench" tags="learnable,workbenchCrafting">
			<ingredient name="resourceBulletTip" count="1"/>
			<ingredient name="resourceGunPowder" count="2"/>
			<ingredient name="resourceSteelCasing" count="1"/>
		</recipe>
		
		<recipe name="ammoBundle9mmBulletAP" count="1" craft_time="360" craft_area="workbench" tags="learnable,workbenchCrafting">
			<ingredient name="resourceBulletTip" count="80"/>
			<ingredient name="resourceGunPowder" count="160"/>
			<ingredient name="resourceSteelCasing" count="80"/>
		</recipe>

		<recipe name="ammo44MagnumBulletBall" count="1" craft_area="workbench" tags="workbenchCrafting">
			<ingredient name="resourceBulletTip" count="1"/>
			<ingredient name="resourceGunPowder" count="2"/>
			<ingredient name="resourceSteelCasing" count="1"/>
		</recipe>
		
		<recipe name="ammoBundle44MagnumBulletBall" count="1" craft_time="240" craft_area="workbench" tags="learnable,workbenchCrafting">
			<ingredient name="resourceBulletTip" count="80"/>
			<ingredient name="resourceGunPowder" count="160"/>
			<ingredient name="resourceSteelCasing" count="80"/>
		</recipe>

		<recipe name="ammo44MagnumBulletHP" count="1" craft_area="workbench" tags="learnable,workbenchCrafting">
			<ingredient name="resourceBulletTip" count="2"/>
			<ingredient name="resourceGunPowder" count="2"/>
			<ingredient name="resourceSteelCasing" count="1"/>
		</recipe>
		
		<recipe name="ammoBundle44MagnumBulletHP" count="1" craft_time="360" craft_area="workbench" tags="learnable,workbenchCrafting">
			<ingredient name="resourceBulletTip" count="160"/>
			<ingredient name="resourceGunPowder" count="160"/>
			<ingredient name="resourceSteelCasing" count="80"/>
		</recipe>

		<recipe name="ammo44MagnumBulletAP" count="1" craft_area="workbench" tags="learnable,workbenchCrafting">
			<ingredient name="resourceBulletTip" count="1"/>
			<ingredient name="resourceGunPowder" count="3"/>
			<ingredient name="resourceSteelCasing" count="1"/>
		</recipe>
		
		<recipe name="ammoBundle44MagnumBulletAP" count="1" craft_time="360" craft_area="workbench" tags="learnable,workbenchCrafting">
			<ingredient name="resourceBulletTip" count="80"/>
			<ingredient name="resourceGunPowder" count="240"/>
			<ingredient name="resourceSteelCasing" count="80"/>
		</recipe>

		<recipe name="ammo762mmBulletBall" count="1" craft_area="workbench" tags="workbenchCrafting">
			<ingredient name="resourceBulletTip" count="1"/>
			<ingredient name="resourceGunPowder" count="3"/>
			<ingredient name="resourceSteelCasing" count="1"/>
		</recipe>
		
		<recipe name="ammoBundle762mmBulletBall" count="1" craft_time="240" craft_area="workbench" tags="learnable,workbenchCrafting">
			<ingredient name="resourceBulletTip" count="80"/>
			<ingredient name="resourceGunPowder" count="240"/>
			<ingredient name="resourceSteelCasing" count="80"/>
		</recipe>

		<recipe name="ammo762mmBulletHP" count="1" craft_area="workbench" tags="learnable,workbenchCrafting">
			<ingredient name="resourceBulletTip" count="2"/>
			<ingredient name="resourceGunPowder" count="3"/>
			<ingredient name="resourceSteelCasing" count="1"/>
		</recipe>
		
		<recipe name="ammoBundle762mmBulletHP" count="1" craft_time="360" craft_area="workbench" tags="learnable,workbenchCrafting">
			<ingredient name="resourceBulletTip" count="160"/>
			<ingredient name="resourceGunPowder" count="240"/>
			<ingredient name="resourceSteelCasing" count="80"/>
		</recipe>

		<recipe name="ammo762mmBulletAP" count="1" craft_area="workbench" tags="learnable,workbenchCrafting">
			<ingredient name="resourceBulletTip" count="1"/>
			<ingredient name="resourceGunPowder" count="5"/>
			<ingredient name="resourceSteelCasing" count="1"/>
		</recipe>
		
		<recipe name="ammoBundle762mmBulletAP" count="1" craft_time="360" craft_area="workbench" tags="learnable,workbenchCrafting">
			<ingredient name="resourceBulletTip" count="80"/>
			<ingredient name="resourceGunPowder" count="400"/>
			<ingredient name="resourceSteelCasing" count="80"/>
		</recipe>
		
	</append>
</configs>